{"cameraMode":{"drawMode":0,"name":"Shaded","section":"Shading Mode"},"sceneLighting":true,"audioPlay":false,"sceneViewState":{"showFog":true,"showMaterialUpdate":false,"showSkybox":true,"showFlares":true,"showImageEffects":true,"showParticleSystems":true},"in2DMode":false,"pivot":{"x":0.8401973247528076,"y":1.9674339294433594,"z":-0.030084941536188127},"rotation":{"x":0.9687144756317139,"y":0.02994343638420105,"z":-0.19916391372680665,"w":0.1451975256204605},"size":4.495668888092041,"orthographic":true}